Category,Column1,_1,_2,_3,_4,User_query,Chatbot_response 
1,ความรู้เกี่ยวกับคอมพิวเตอร์และสารสนเทศ,,,,,,
,1.1,หลักการทำงานของคอมพิวเตอร์,,,,หลักการทำงานของคอมพิวเตอร์คืออะไร,คอมพิวเตอร์ทำงานตามวงจร Input → Process → Output → Storage โดยมี CPU เป็นหน่วยประมวลผลกลาง
,,1.1.1,ความหมายของคอมพิวเตอร์,,,คอมพิวเตอร์คืออะไร,คอมพิวเตอร์คืออุปกรณ์อิเล็กทรอนิกส์ที่สามารถรับข้อมูล ประมวลผล และแสดงผลลัพธ์ตามโปรแกรมที่กำหนดได้
,,1.1.2,หน่วยองค์ประกอบของระบบคอมพิวเตอร์,,,ระบบคอมพิวเตอร์ประกอบด้วยหน่วยอะไรบ้าง,ระบบคอมพิวเตอร์ประกอบด้วย หน่วยรับข้อมูล หน่วยประมวลผล หน่วยความจำ หน่วยแสดงผล
,1.2,การแบ่งประเภทของคอมพิวเตอร์,,,,,
,,1.2.1,แบ่งตามลักษณะการใช้งาน,,,คอมพิวเตอร์แบ่งตามการใช้งานได้อย่างไร,"คอมพิวเตอร์สามารถแบ่งตามลักษณะการใช้งานได้ เช่น ส่วนบุคคล, ธุรกิจ, วิทยาศาสตร์, และงานเฉพาะทาง"
,,,1.2.1.1,คอมพิวเตอร์ใช้งานทั่วไป,,คอมพิวเตอร์ใช้งานทั่วไปคืออะไร,คอมพิวเตอร์ใช้งานทั่วไปคือเครื่องที่ใช้ในชีวิตประจำวัน เช่น คอมพิวเตอร์ตั้งโต๊ะ โน้ตบุ๊ก สำหรับงานเอกสาร เล่นอินเทอร์เน็ต และความบันเทิง
,,,1.2.1.2,คอมพิวเตอร์ใช้งานเฉพาะด้าน,,คอมพิวเตอร์ใช้งานเฉพาะด้านคืออะไร,คอมพิวเตอร์ใช้งานเฉพาะด้านถูกออกแบบมาเพื่อทำงานเฉพาะ เช่น เครื่องควบคุมการบิน เครื่องมือแพทย์ หรือระบบอุตสาหกรรม
,,1.2.2,แบ่งตามความสามารถในการเก็บข้อมูลและความเร็วในการประมวลผล,,,คอมพิวเตอร์แบ่งตามความสามารถในการเก็บข้อมูลและความเร็วได้อย่างไร,"สามารถแบ่งออกเป็น 4 ประเภทหลัก ได้แก่ Supercomputer, Mainframe, Minicomputer, และ Microcomputer"
,,,1.2.2.1,ซุปเปอร์คอมพิวเตอร์,,ซุปเปอร์คอมพิวเตอร์คืออะไร,ซุปเปอร์คอมพิวเตอร์คือคอมพิวเตอร์ที่มีความเร็วสูงมาก ใช้สำหรับงานวิจัยทางวิทยาศาสตร์ การคำนวณเชิงซับซ้อน และการจำลองสถานการณ์
,,,1.2.2.2,เมนเฟรมคอมพิวเตอร์,,เมนเฟรมคอมพิวเตอร์คืออะไร,เมนเฟรมคอมพิวเตอร์คือเครื่องขนาดใหญ่ที่รองรับการทำงานพร้อมกันของผู้ใช้จำนวนมาก เหมาะกับองค์กรหรือธนาคาร
,,,1.2.2.3,มินิคอมพิวเตอร์,,มินิคอมพิวเตอร์คืออะไร,มินิคอมพิวเตอร์มีขนาดเล็กกว่าเมนเฟรม แต่สามารถรองรับงานหลายผู้ใช้ ใช้ในองค์กรขนาดกลาง
,,,1.2.2.4,ไมโครคอมพิวเตอร์,,ไมโครคอมพิวเตอร์คืออะไร,ไมโครคอมพิวเตอร์คือคอมพิวเตอร์ส่วนบุคคล เช่น PC และ Laptop ที่ใช้ทั่วไป
,1.3,ปัจจัยในการใช้งานคอมพิวเตอร์,,,,,
,,1.3.1,ฮาร์ดแวร์,,,,
,,,1.3.1.1,ความหมายของฮาร์ดแวร์,,ฮาร์ดแวร์คืออะไร,"ฮาร์ดแวร์คือส่วนประกอบที่เป็นอุปกรณ์จับต้องได้ของคอมพิวเตอร์ เช่น CPU, RAM, Hard Disk"
,,,1.3.1.2,อุปกรณ์ภายในตัวเครื่อง,,อุปกรณ์ภายในคอมพิวเตอร์มีอะไรบ้าง,"อุปกรณ์ภายในประกอบด้วย CPU, RAM, Mainboard, Hard Disk, Power Supply"
,,,1.3.1.3,อุปกรณ์อินพุต,,อุปกรณ์อินพุตคืออะไร,อุปกรณ์อินพุตคืออุปกรณ์ที่ใช้ป้อนข้อมูลเข้าสู่คอมพิวเตอร์ เช่น แป้นพิมพ์ เมาส์ สแกนเนอร์
,,,1.3.1.4,อุปกรณ์เอาท์พุต,,อุปกรณ์เอาท์พุตคืออะไร,อุปกรณ์เอาท์พุตคืออุปกรณ์ที่ใช้แสดงผลข้อมูล เช่น จอภาพ เครื่องพิมพ์
,,,1.3.1.5,อุปกรณ์บันทึกข้อมูล,,อุปกรณ์บันทึกข้อมูลคืออะไร,อุปกรณ์บันทึกข้อมูลคืออุปกรณ์ที่ใช้เก็บข้อมูล เช่น ฮาร์ดดิสก์ แฟลชไดรฟ์ ซีดี
,,,1.3.1.6,อุปกรณ์เสริมการใช้งาน,,อุปกรณ์เสริมการใช้งานมีอะไรบ้าง,อุปกรณ์เสริม เช่น การ์ดจอ หูฟัง ลำโพง เว็บแคม
,,1.3.2,ซอฟต์แวร์,,,,
,,,1.3.2.1,ความหมายของซอฟต์แวร์,,ซอฟต์แวร์คืออะไร,ซอฟต์แวร์คือชุดคำสั่งหรือโปรแกรมที่ทำให้คอมพิวเตอร์สามารถทำงานตามที่ผู้ใช้ต้องการ
,,,1.3.2.2,ซอฟต์แวร์ระบบ,,ซอฟต์แวร์ระบบคืออะไร,ซอฟต์แวร์ระบบคือโปรแกรมที่ช่วยควบคุมและจัดการการทำงานของฮาร์ดแวร์ เช่น ระบบปฏิบัติการ
,,,,1.3.2.2.1,ระบบปฏิบัติการ (OS),ระบบปฏิบัติการทำหน้าที่อะไร,ระบบปฏิบัติการทำหน้าที่เป็นตัวกลางระหว่างผู้ใช้กับฮาร์ดแวร์ ควบคุมการทำงานของเครื่อง
,,,,1.3.2.2.2,โปรแกรมอรรถประโยชน์,โปรแกรมอรรถประโยชน์คืออะไร,โปรแกรมอรรถประโยชน์คือโปรแกรมที่ช่วยดูแลและบำรุงรักษาระบบ เช่น โปรแกรมสแกนไวรัส โปรแกรมจัดการไฟล์
,,,1.3.2.3,ซอฟต์แวร์ประยุกต์,,ซอฟต์แวร์ประยุกต์คืออะไร,"ซอฟต์แวร์ประยุกต์คือโปรแกรมที่ใช้ทำงานเฉพาะด้าน เช่น Word, Excel, Photoshop"
,,,,1.3.2.3.1,ซอฟต์แวร์ประยุกต์ทั่วไป,ซอฟต์แวร์ประยุกต์ทั่วไปมีอะไรบ้าง,เช่น โปรแกรมสำนักงาน โปรแกรมเล่นสื่อมัลติมีเดีย โปรแกรมเว็บเบราว์เซอร์
,,,,1.3.2.3.2,ซอฟต์แวร์ประยุกต์เฉพาะงาน,ซอฟต์แวร์ประยุกต์เฉพาะงานคืออะไร,คือโปรแกรมที่ออกแบบมาเพื่อใช้งานเฉพาะ เช่น โปรแกรมบัญชี โปรแกรมออกแบบวิศวกรรม
,,1.3.3,พีเพิลแวร์,,,,
,,,1.3.3.1,ความหมายของพีเพิลแวร์,,พีเพิลแวร์คืออะไร,พีเพิลแวร์หมายถึงบุคคลที่เกี่ยวข้องกับการใช้และพัฒนาระบบคอมพิวเตอร์
,,,1.3.3.2,นักวิเคราะห์ระบบ,,นักวิเคราะห์ระบบทำหน้าที่อะไร,นักวิเคราะห์ระบบทำหน้าที่ออกแบบและวิเคราะห์ความต้องการของระบบ เพื่อให้ตรงกับการใช้งานจริง
,,,1.3.3.3,โปรแกรมเมอร์,,โปรแกรมเมอร์คือใคร,โปรแกรมเมอร์คือผู้เขียนโปรแกรมหรือซอฟต์แวร์ให้คอมพิวเตอร์ทำงานตามที่กำหนด
,,,1.3.3.4,ผู้ดูแลระบบ,,ผู้ดูแลระบบคือใคร,ผู้ดูแลระบบคือผู้ที่จัดการ ดูแล และแก้ไขปัญหาของระบบคอมพิวเตอร์และเครือข่าย
,,,1.3.3.5,ช่างเทคนิคคอมพิวเตอร์,,ช่างเทคนิคคอมพิวเตอร์ทำหน้าที่อะไร,ช่างเทคนิคคอมพิวเตอร์ทำหน้าที่ซ่อมบำรุง ตรวจสอบ และแก้ไขปัญหาฮาร์ดแวร์
,,,1.3.3.6,ผู้ใช้งานทั่วไป,,ผู้ใช้งานทั่วไปคือใคร,ผู้ใช้งานทั่วไปคือบุคคลที่ใช้คอมพิวเตอร์เพื่อทำงาน เรียน หรือความบันเทิง โดยไม่จำเป็นต้องมีความรู้เชิงลึกทางเทคนิค
,1.4,ความรู้พื้นฐานในการใช้งานคอมพิวเตอร์,,,,,
,,1.4.1,การติดตั้งและการบำรุงรักษาเครื่องคอมพิวเตอร์,,,ทำไมการบำรุงรักษาคอมพิวเตอร์จึงสำคัญ,เพราะช่วยยืดอายุการใช้งาน ลดปัญหาการทำงานผิดพลาด และเพิ่มความปลอดภัยของข้อมูล
,,,1.4.1.1,การติดตั้งเครื่องคอมพิวเตอร์,,ขั้นตอนการติดตั้งเครื่องคอมพิวเตอร์ทำอย่างไร,การติดตั้งเครื่องคอมพิวเตอร์เริ่มจากการวางอุปกรณ์ในตำแหน่งที่เหมาะสม ต่อสายไฟ สายจอภาพ เมาส์ และคีย์บอร์ด จากนั้นเปิดเครื่องและตรวจสอบการทำงาน
,,,1.4.1.2,การใช้งานและการบำรุงรักษาเครื่อง,,การบำรุงรักษาเครื่องคอมพิวเตอร์ทำอย่างไร,การบำรุงรักษาเครื่องคอมพิวเตอร์ทำได้โดยการทำความสะอาดอุปกรณ์ภายนอก ตรวจสอบซอฟต์แวร์ป้องกันไวรัส และอัปเดตระบบปฏิบัติการอย่างสม่ำเสมอ
,,1.4.2,การสร้างความปลอดภัยต่อสุขภาพในการใช้งานคอมพิวเตอร์,,,จะป้องกันอาการปวดตาจากการใช้คอมพิวเตอร์ได้อย่างไร,ใช้กฎ 20-20-20 คือ ทุก 20 นาที มองออกไปไกล 20 ฟุต เป็นเวลา 20 วินาที
,,,1.4.2.1,ท่านั่งทำงานกับคอมพิวเตอร์,,ควรนั่งทำงานกับคอมพิวเตอร์อย่างไร,ควรนั่งหลังตรง ปรับเก้าอี้ให้ระดับสายตาอยู่ตรงกับจอภาพ และวางแขนบนโต๊ะอย่างสบาย
,,,1.4.2.2,แสงสว่างในการใช้งานคอมพิวเตอร์,,แสงสว่างที่เหมาะสมในการใช้งานคอมพิวเตอร์เป็นอย่างไร,ควรใช้แสงสว่างที่พอเหมาะ ไม่มืดเกินไปและไม่สว่างจ้าเกินไป โดยควรหลีกเลี่ยงแสงสะท้อนจากหน้าจอ
,,,1.4.2.3,ความสว่างของจอมอนิเตอร์,,ควรปรับความสว่างของจอมอนิเตอร์อย่างไร,ควรปรับความสว่างให้พอดีกับสภาพแวดล้อม ไม่มืดจนมองยาก และไม่สว่างจนทำให้ตาล้า
,1.5,อุปกรณ์ต่อพ่วง,,,,,
,,1.5.1,เครื่องพิมพ์,,,เครื่องพิมพ์คืออะไร,เครื่องพิมพ์คืออุปกรณ์ต่อพ่วงคอมพิวเตอร์ที่ใช้ในการพิมพ์ข้อมูลจากคอมพิวเตอร์ออกมาเป็นเอกสารหรือภาพบนกระดาษ
,,,1.5.1.1,เครื่องพิมพ์ดอตเมตริกซ์,,เครื่องพิมพ์ดอตเมตริกซ์คืออะไร,เครื่องพิมพ์ดอตเมตริกซ์คือเครื่องพิมพ์ที่ใช้หัวเข็มกระแทกผ่านหมึกลงบนกระดาษ นิยมใช้ในงานที่ต้องการสำเนาหลายชุด
,,,1.5.1.2,เครื่องพิมพ์เลเซอร์,,เครื่องพิมพ์เลเซอร์ทำงานอย่างไร,เครื่องพิมพ์เลเซอร์ใช้แสงเลเซอร์สร้างภาพบนดรัม แล้วใช้ผงหมึกยึดติดกับกระดาษ พิมพ์ได้รวดเร็วและคมชัด
,,,1.5.1.3,เครื่องพิมพ์อิงก์เจ็ต,,เครื่องพิมพ์อิงก์เจ็ตคืออะไร,เครื่องพิมพ์อิงก์เจ็ตคือเครื่องพิมพ์ที่พ่นหมึกลงบนกระดาษโดยตรง เหมาะกับงานพิมพ์ภาพสีคุณภาพสูง
,,1.5.2,เครื่องสแกนภาพ,,,เครื่องสแกนภาพคืออะไร,เครื่องสแกนภาพคืออุปกรณ์ที่ใช้แปลงเอกสารหรือรูปภาพจากรูปแบบกระดาษให้เป็นข้อมูลดิจิทัล เพื่อจัดเก็บหรือแก้ไขในคอมพิวเตอร์
,,,1.5.2.1,ลักษณะการทำงานของเครื่องสแกนภาพ,,เครื่องสแกนภาพทำงานอย่างไร,เครื่องสแกนภาพทำงานโดยใช้แสงส่องผ่านเอกสารแล้วแปลงเป็นข้อมูลดิจิทัลเพื่อเก็บในคอมพิวเตอร์
,,1.5.3,เครื่องอ่านบาร์โค้ด,,,เครื่องอ่านบาร์โค้ดคืออะไร,เครื่องอ่านบาร์โค้ดคืออุปกรณ์ที่ใช้ในการอ่านข้อมูลจากบาร์โค้ด โดยแปลงเส้นและช่องว่างเป็นข้อมูลดิจิทัลเพื่อส่งต่อไปยังคอมพิวเตอร์หรือระบบฐานข้อมูล
,,,1.5.3.1,ลักษณะการทำงานของเครื่องอ่านบาร์โค้ด,,เครื่องอ่านบาร์โค้ดทำงานอย่างไร,เครื่องอ่านบาร์โค้ดใช้แสงเลเซอร์หรือกล้องอ่านลายเส้นบาร์โค้ด แล้วแปลงเป็นข้อมูลตัวเลขหรือข้อความ
,,1.5.4,ไมโครโฟน,,,ไมโครโฟนคืออะไร,ไมโครโฟนคืออุปกรณ์ที่ใช้รับเสียงจากผู้พูดหรือสิ่งแวดล้อม แล้วแปลงเป็นสัญญาณไฟฟ้าเพื่อส่งต่อไปยังคอมพิวเตอร์หรือเครื่องเสียง
,,,1.5.4.1,ไมโครโฟนแบบไดนามิก,,ไมโครโฟนไดนามิกคืออะไร,ไมโครโฟนไดนามิกใช้หลักการเหนี่ยวนำแม่เหล็กไฟฟ้า แข็งแรง ทนทาน เหมาะกับการใช้งานทั่วไป
,,,1.5.4.2,ไมโครโฟนแบบคอนเด็นเซอร์,,ไมโครโฟนคอนเด็นเซอร์คืออะไร,ไมโครโฟนคอนเด็นเซอร์ใช้แผ่นไดอะแฟรมและตัวเก็บประจุในการรับเสียง ให้คุณภาพเสียงละเอียด เหมาะกับงานบันทึกเสียง
,,1.5.5,กล้องดิจิทัล และเว็บแคม,,,"กล้องดิจิทัลคืออะไร

เว็บแคมคืออะไร","กล้องดิจิทัลคืออุปกรณ์ที่ใช้บันทึกภาพนิ่งหรือวิดีโอในรูปแบบดิจิทัล สามารถจัดเก็บในหน่วยความจำและนำไปแก้ไขหรือส่งต่อได้

เว็บแคมคือกล้องขนาดเล็กที่เชื่อมต่อกับคอมพิวเตอร์ ใช้สำหรับการถ่ายทอดสดภาพหรือวิดีโอ เช่น การประชุมออนไลน์หรือการสตรีม"
,,,1.5.5.1,ลักษณะการทำงานของกล้องดิจิทัล,,กล้องดิจิทัลทำงานอย่างไร,กล้องดิจิทัลบันทึกภาพโดยใช้เซ็นเซอร์รับแสงแล้วแปลงเป็นข้อมูลดิจิทัล เก็บในหน่วยความจำ
,,,1.5.5.2,ลักษณะการทำงานของกล้องเว็บแคม,,กล้องเว็บแคมทำงานอย่างไร,เว็บแคมคือกล้องที่เชื่อมต่อกับคอมพิวเตอร์เพื่อถ่ายทอดภาพแบบเรียลไทม์ ใช้ในการประชุมออนไลน์หรือสตรีมมิ่ง
,1.6,อุปกรณ์เคลื่อนที่,,,,,
,,1.6.1,ระบบปฏิบัติการในอุปกรณ์เคลื่อนที่,,,ระบบปฏิบัติการในอุปกรณ์เคลื่อนที่,ระบบปฏิบัติการในอุปกรณ์เคลื่อนที่คือซอฟต์แวร์ที่ควบคุมการทำงานของสมาร์ทโฟนและแท็บเล็ต เช่น Android และ iOS
,,,1.6.1.1,ระบบปฏิบัติการ ios,,ระบบปฏิบัติการ iOS คืออะไร,iOS คือระบบปฏิบัติการที่ใช้ในอุปกรณ์ของ Apple เช่น iPhone และ iPad มีความปลอดภัยสูงและใช้งานง่าย
,,,1.6.1.2,ระบบปฏิบัติการ android,,ระบบปฏิบัติการ Android คืออะไร,Android คือระบบปฏิบัติการที่พัฒนาโดย Google ใช้ในสมาร์ทโฟนและแท็บเล็ตหลายยี่ห้อ มีความยืดหยุ่นสูง
,,,1.6.1.3,แอปพลิเคชั่นบนระบบปฏิบัติการในอุปกรณ์เคลื่อนที่ ios,,แอปพลิเคชันบน iOS มีลักษณะอย่างไร,แอปพลิเคชันบน iOS ต้องดาวน์โหลดจาก App Store และผ่านการตรวจสอบความปลอดภัยจาก Apple
,,,1.6.1.4,แอปพลิเคชั่นบนระบบปฏิบัติการในอุปกรณ์เคลื่อนที่ android,,แอปพลิเคชันบน Android มีลักษณะอย่างไร,แอปพลิเคชันบน Android สามารถดาวน์โหลดจาก Google Play Store หรือแหล่งอื่น ๆ มีความหลากหลายสูง
,1.7,ข้อมูลและสารสนเทศ,,,,,
,,1.7.1,ข้อมูล,,,ข้อมูลคืออะไร,ข้อมูลคือข้อเท็จจริง ตัวเลข หรือข้อความที่ยังไม่ได้ผ่านการประมวลผล เช่น คะแนนสอบ รายชื่อ หรือจำนวนสินค้า
,,,1.7.1.1,ชนิดของข้อมูล,,ข้อมูลมีชนิดอะไรบ้าง,ข้อมูลแบ่งเป็น ข้อมูลตัวเลข ข้อมูลข้อความ ข้อมูลภาพ และข้อมูลเสียง
,,1.7.2,สารสนเทศ,,,สารสนเทศคืออะไร,
,,,1.7.2.1,กระบวนการของสารสนเทศ,,กระบวนการสร้างสารสนเทศคืออะไร,กระบวนการสร้างสารสนเทศเริ่มจากการเก็บข้อมูล → ประมวลผล → จัดเก็บ → นำเสนอ
,,1.7.3,ส่วนประกอบของเทคโนโลยีสารสนเทศ,,,ส่วนประกอบของเทคโนโลยีสารสนเทศมีอะไรบ้าง,"เทคโนโลยีสารสนเทศประกอบด้วย ฮาร์ดแวร์ (Hardware), ซอฟต์แวร์ (Software), ข้อมูล (Data), บุคลากร (Peopleware), และกระบวนการ (Process)"
,,,1.7.3.1,เทคโนโลยีด้านคอมพิวเตอร์,,เทคโนโลยีด้านคอมพิวเตอร์คืออะไร,เทคโนโลยีด้านคอมพิวเตอร์คือการพัฒนาอุปกรณ์และซอฟต์แวร์เพื่อช่วยในการประมวลผลและจัดการข้อมูล
,,,1.7.3.2,เทคโนโลยีด้านการสื่อสารและโทรคมนาคม,,เทคโนโลยีด้านการสื่อสารคืออะไร,เทคโนโลยีด้านการสื่อสารและโทรคมนาคมคือการใช้เครือข่ายและอุปกรณ์เพื่อส่งข้อมูล เช่น อินเทอร์เน็ต โทรศัพท์มือถือ
2,ระบบปฏิบัติการ,,,,,,
,2.1,ความรู้เกี่ยวกับระบบปฏิบัติการ,,,,,
,,2.1.1,ความหมายของระบบปฏิบัติการ,,,ระบบปฏิบัติการคืออะไร,ระบบปฏิบัติการคือซอฟต์แวร์ที่ทำหน้าที่ควบคุมการทำงานของฮาร์ดแวร์และเป็นตัวกลางระหว่างผู้ใช้กับเครื่องคอมพิวเตอร์
,,,2.1.1.1,ความหมายของซอฟต์แวร์ระบบ,,ซอฟต์แวร์ระบบคืออะไร,ซอฟต์แวร์ระบบคือโปรแกรมที่ช่วยจัดการและควบคุมการทำงานของคอมพิวเตอร์ เช่น ระบบปฏิบัติการ
,,,2.1.1.2,ความหมายของซอฟต์แวร์ประยุกต์,,ซอฟต์แวร์ประยุกต์คืออะไร,"ซอฟต์แวร์ประยุกต์คือโปรแกรมที่ใช้ทำงานเฉพาะด้าน เช่น Word, Excel, Photoshop"
,,2.1.2,ความสำคัญของระบบปฏิบัติการ,,,,
,,,2.1.2.1,ความสำคัญส่วนเชื่อมต่อผู้ใช้งาน,,ระบบปฏิบัติการสำคัญต่อผู้ใช้อย่างไร,ระบบปฏิบัติการทำหน้าที่เป็นส่วนเชื่อมต่อระหว่างผู้ใช้กับเครื่องคอมพิวเตอร์ ทำให้ใช้งานได้ง่าย
,,,2.1.2.2,ความสำคัญต่อการติดตั้งซอฟต์แวร์ประยุกต์,,ทำไมระบบปฏิบัติการจึงสำคัญต่อการติดตั้งโปรแกรม,เพราะระบบปฏิบัติการเป็นตัวจัดการและรองรับการทำงานของซอฟต์แวร์ประยุกต์
,,,2.1.2.3,ความสำคัญต่อการจัดการไฟล์และโฟลเดอร์,,ระบบปฏิบัติการช่วยจัดการไฟล์อย่างไร,ระบบปฏิบัติการช่วยสร้าง ลบ ย้าย และจัดการไฟล์หรือโฟลเดอร์ได้สะดวก
,,,2.1.2.4,ความสำคัญต่อการจัดสรรทรัพยากรในระบบ,,ระบบปฏิบัติการจัดสรรทรัพยากรอย่างไร,ระบบปฏิบัติการจัดสรรหน่วยความจำ ซีพียู และอุปกรณ์ต่าง ๆ ให้โปรแกรมใช้งานอย่างเหมาะสม
,,2.1.3,ประเภทของระบบปฏิบัติการ,,,,
,,,2.1.3.1,แบ่งตามลักษณะการใช้งาน,,,
,,,,2.1.3.1.1,ระบบปฏิบัติการบนเครื่องคอมพิวเตอร์ส่วนบุคคล,ระบบปฏิบัติการบน PC มีอะไรบ้าง,"เช่น Windows, macOS, Linux"
,,,,2.1.3.1.2,ระบบปฏิบัติการบนเครื่องแม่ข่าย,ระบบปฏิบัติการบนเครื่องแม่ข่ายคืออะไร,"คือระบบที่ใช้จัดการเซิร์ฟเวอร์ เช่น Windows Server, Unix"
,,,,2.1.3.1.3,ระบบปฏิบัติการบนเครื่องแท็บเล็ตและสมาร์ทโฟน,ระบบปฏิบัติการบนมือถือมีอะไรบ้าง,เช่น iOS และ Android
,,,2.1.3.2,แบ่งตามการเสียค่าใช้จ่าย,,,
,,,,2.1.3.2.1,ระบบปฏิบัติการแบบโอเพนซอร์ซ,ระบบปฏิบัติการโอเพนซอร์ซคืออะไร,คือระบบที่เปิดให้ผู้ใช้แก้ไขและพัฒนาได้ เช่น Linux
,,,,2.1.3.2.2,ระบบปฏิบัติการที่มีค่าลิขสิทธิ์,ระบบปฏิบัติการที่มีค่าลิขสิทธิ์คืออะไร,คือระบบที่ต้องซื้อสิทธิ์ใช้งาน เช่น Windows และ macOS
,2.2,ระบบปฏิบัตการไมโครซอฟต์วินโดวส์,,,,,
,,2.2.1,รุ่นการจัดจำหน่ายของวินโดวส์,,,,
,,,2.2.1.1,Windows Home,,Windows Home คืออะไร,Windows Home เป็นรุ่นสำหรับผู้ใช้ทั่วไป เน้นการใช้งานพื้นฐาน เช่น งานเอกสารและความบันเทิง
,,,2.2.1.2,Windows Pro,,Windows Pro แตกต่างจาก Home อย่างไร,Windows Pro มีฟีเจอร์ด้านความปลอดภัยและการจัดการระบบที่เหมาะกับองค์กร
,,2.2.2,รูปแบบลิขสิทธิ์ของวินโดวส์,,,,
,,,2.2.2.1,รูปแบบ OEM,,ลิขสิทธิ์ Windows แบบ OEM คืออะไร,OEM คือสิทธิ์ที่ติดมากับเครื่องคอมพิวเตอร์ใหม่ ไม่สามารถโอนย้ายไปเครื่องอื่นได้
,,,2.2.2.2,รูปแบบ FPP,,ลิขสิทธิ์ Windows แบบ OEM คืออะไร,OEM คือสิทธิ์ที่ติดมากับเครื่องคอมพิวเตอร์ใหม่ ไม่สามารถโอนย้ายไปเครื่องอื่นได้
,,,2.2.2.3,รูปแบบ VL,,ลิขสิทธิ์ Windows แบบ VL คืออะไร,VL (Volume License) คือสิทธิ์ที่ใช้ในองค์กร สามารถติดตั้งได้หลายเครื่องตามจำนวนที่ซื้อ
,,2.2.3,ความต้องการทางฮาร์ดแวร์สำหรับวินโดวส์,,,,
,,,2.2.3.1,ความต้องการทางฮาร์ดแวร์สำหรับวินโดวส์ 10,,,
,,,,2.2.3.1.1,ซีพียูสำหรับวินโดวส์ 10,Windows 10 ต้องใช้ CPU แบบไหน,Windows 10 ต้องการ CPU ความเร็วขั้นต่ำ 1 GHz หรือสูงกว่า
,,,,2.2.3.1.2,ความถี่สำหรับวินโดวส์ 10,ความถี่ CPU ที่รองรับ Windows 10 คือเท่าไร,ต้องมีความถี่ขั้นต่ำ 1 GHz ขึ้นไป
,,,,2.2.3.1.3,หน่วยความจำสำหรับวินโดวส์ 10,RAM ที่ Windows 10 ต้องการคือเท่าไร,Windows 10 ต้องการ RAM อย่างน้อย 1 GB สำหรับ 32-bit และ 2 GB สำหรับ 64-bit
,,,,2.2.3.1.4,พื้นที่ว่างในฮาร์ดดิสก์สำหรับวินโดวส์ 10,Windows 10 ต้องใช้พื้นที่ว่างเท่าไร,ต้องการพื้นที่ว่างในฮาร์ดดิสก์อย่างน้อย 16 GB สำหรับ 32-bit และ 20 GB สำหรับ 64-bit
,,,2.2.3.2,ความต้องการทางฮาร์ดแวร์สำหรับวินโดวส์ 11,,,
,,,,2.2.3.2.1,ซีพียูสำหรับวินโดวส์ 11,Windows 11 ต้องใช้ CPU แบบไหน,Windows 11 ต้องใช้ CPU 64-bit ที่มีความเร็ว 1 GHz ขึ้นไป และมี 2 คอร์ขึ้นไป
,,,,2.2.3.2.2,ความถี่สำหรับวินโดวส์ 11,ความถี่ CPU ที่รองรับ Windows 11 คือเท่าไร,ต้องมีความถี่ขั้นต่ำ 1 GHz ขึ้นไป
,,,,2.2.3.2.3,แกนประมวลผลสำหรับวินโดวส์ 11,Windows 11 ต้องการ CPU กี่คอร์,ต้องการ CPU อย่างน้อย 2 คอร์
,,,,2.2.3.2.4,หน่วยความจำสำหรับวินโดวส์ 11,RAM ที่ Windows 11 ต้องการคือเท่าไร,Windows 11 ต้องการ RAM อย่างน้อย 4 GB
,,,,2.2.3.2.5,TPM สำหรับวินโดวส์ 11,TPM ที่ Windows 11 ต้องการคืออะไร,TPM 2.0 เป็นชิปที่ช่วยเพิ่มความปลอดภัยในการเข้ารหัสและตรวจสอบระบบ
,,,,2.2.3.2.6,ไบออสสำหรับวินโดวส์ 11,BIOS ที่ Windows 11 ต้องการคือแบบไหน,ต้องการ BIOS ที่รองรับ UEFI และ Secure Boot
,2.3,หน้าจอหลักของระบบปฏิบัติการวินโดวส์,,,,,
,,2.3.1,ส่วนประกอบในหน้าจอหลัก,,,,
,,,2.3.1.1,เดสก์ท็อป,,เดสก์ท็อปคืออะไร,เดสก์ท็อปคือพื้นที่หลักบนหน้าจอที่แสดงไอคอนและโปรแกรมต่าง ๆ
,,,2.3.1.2,ไอคอนหลักในหน้าจอหลัก,,,
,,,,2.3.1.2.1,ไอคอนผู้ใช้งาน,ไอคอนผู้ใช้งานคืออะไร,ไอคอนผู้ใช้งานแสดงข้อมูลบัญชีผู้ใช้ที่เข้าสู่ระบบ
,,,,2.3.1.2.2,ไอคอนคอมพิวเตอร์,ไอคอนคอมพิวเตอร์ทำหน้าที่อะไร,ใช้เข้าถึงข้อมูลและไดรฟ์ต่าง ๆ ในเครื่อง
,,,,2.3.1.2.3,ไอคอนถังขยะ,ไอคอนถังขยะคืออะไร,ใช้เก็บไฟล์ที่ถูกลบชั่วคราว สามารถกู้คืนหรือลบถาวรได้
,,,2.3.1.3,ปุ่มสตาร์ท,,ปุ่ม Start ทำหน้าที่อะไร,ใช้เปิดเมนูหลักเพื่อเข้าถึงโปรแกรมและการตั้งค่าต่าง ๆ
,,,2.3.1.4,แถบโปรแกรมด่วน,,แถบโปรแกรมด่วนคืออะไร,ใช้สำหรับเปิดโปรแกรมที่ใช้งานบ่อยได้อย่างรวดเร็ว
,,,2.3.1.5,แถบงาน,,แถบงานคืออะไร,แถบงานแสดงโปรแกรมที่กำลังทำงานและช่วยสลับการใช้งานได้ง่าย
,,,2.3.1.6,แถบระบบ,,แถบระบบคืออะไร,แถบระบบแสดงสถานะต่าง ๆ เช่น เวลา เสียง และการเชื่อมต่อเครือข่าย
,,,2.3.1.7,ตัวชี้เม้าส์,,ตัวชี้เมาส์คืออะไร,ตัวชี้เมาส์คือสัญลักษณ์ที่ใช้บอกตำแหน่งการทำงานบนหน้าจอ
,,2.3.2,การตรวจสอบรุ่นของระบบปฏิบัติการวินโดวส์ที่ใช้งาน,,,จะตรวจสอบรุ่นของ Windows ที่ใช้งานได้อย่างไร,สามารถตรวจสอบได้โดยคลิกขวาที่ไอคอน This PC บน Des
,,,2.3.2.1,ขั้นตอนการตรวจสอบผ่านไอคอน This PC บน Desktop,,ขั้นตอนการตรวจสอบรุ่น Windows ผ่าน This PC ทำอย่างไร,คลิกขวาที่ไอคอน This PC → เลือก Properties → จะเห็นข้อมูลรุ่น Windows ที่ใช้งาน
,,,2.3.2.2,รายละเอียดที่แสดง,,เมื่อเปิด Properties ของ This PC จะเห็นข้อมูลอะไรบ้าง,"จะเห็นรายละเอียด เช่น รุ่นของ Windows, เวอร์ชัน, ประเภทระบบ (32-bit หรือ 64-bit), CPU และ RAM ที่ติดตั้ง"
,2.4,การปรับแต่งหน้าจอ,,,,,
,,2.4.1,การปรับแต่งหน้าจอ,,,,
,,,2.4.1.1,View,,เมนู View ใช้ทำอะไร,เมนู View ใช้ปรับการแสดงผลของไอคอนบนหน้าจอ เช่น ขนาดและรูปแบบ
,,,2.4.1.2,Sort by,,เมนู Sort by ใช้ทำอะไร,เมนู Sort by ใช้จัดเรียงไฟล์หรือโฟลเดอร์ตามชื่อ ขนาด ประเภท หรือวันที่แก้ไข
,,,2.4.1.3,Display setting,,เมนู Display setting ใช้ทำอะไร,เมนู Display setting ใช้ปรับการแสดงผล เช่น ความละเอียดหน้าจอ ขนาดตัวอักษร และการวางแนว
,,,2.4.1.4,Personalize,,เมนู Personalize ใช้ทำอะไร,เมนู Personalize ใช้ปรับแต่งหน้าจอ เช่น เปลี่ยนภาพพื้นหลัง สี ธีม และการตั้งค่าไอคอน
,,2.4.2,การจัดการไอคอนหน้าจอ,,,,
,,,2.4.2.1,ใช้เมนู View,,,
,,,,2.4.2.1.1,ปรับขนาดไอคอน,จะปรับขนาดไอคอนบนหน้าจอได้อย่างไร,"ใช้เมนู View เลือก Small, Medium หรือ Large icons"
,,,,2.4.2.1.2,กำหนดการจัดเรียงไอคอน,จะจัดเรียงไอคอนบนหน้าจอได้อย่างไร,ใช้เมนู View เลือก Auto arrange หรือ Align to grid
,,,,2.4.2.1.3,กำหนดการแสดงผลไอคอน,จะเลือกแสดงหรือซ่อนไอคอนบนหน้าจอได้อย่างไร,ใช้เมนู View → Show desktop icons
,,,2.4.2.2,ใช้เมนู Sort by,,,
,,,,2.4.2.2.1,Name,การจัดเรียงไฟล์ตาม Name คืออะไร,คือการเรียงไฟล์ตามตัวอักษรชื่อไฟล์
,,,,2.4.2.2.2,Size,การจัดเรียงไฟล์ตาม Size คืออะไร,คือการเรียงไฟล์ตามขนาดเล็กไปใหญ่หรือใหญ่ไปเล็ก
,,,,2.4.2.2.3,Item type,การจัดเรียงไฟล์ตาม Item type คืออะไร,คือการจัดเรียงไฟล์ตามชนิด เช่น เอกสาร รูปภาพ เพลง
,,,,2.4.2.2.4,Date Modified,การจัดเรียงไฟล์ตาม Date Modified คืออะไร,คือการเรียงไฟล์ตามวันที่แก้ไขล่าสุด
,,2.4.3,การปรับแต่งหน้าจอการแสดงผลด้วยเมนู Display setting,,,,
,,,2.4.3.1,ปรับแต่งขนาดตัวอักษร,,จะปรับขนาดตัวอักษรบนหน้าจอได้อย่างไร,เข้าเมนู Display setting → Scale and layout
,,,2.4.3.2,ปรับความละเอียดการแสดงผลบนจอภาพ,,จะปรับความละเอียดหน้าจอได้อย่างไร,เข้าเมนู Display setting → Display resolution
,,,2.4.3.3,ปรับการวางแนวของจอภาพ,,จะปรับการวางแนวจอภาพได้อย่างไร,เข้าเมนู Display setting → Display orientation เลือก Landscape หรือ Portrait
,,2.4.4,การเปลี่ยนภาพพื้นหลังด้วยเมนู Personalize,,,จะเปลี่ยนภาพพื้นหลังใน Windows ได้อย่างไร,"เข้าเมนู Personalize → Background แล้วเลือก Picture, Solid Color หรือ Slide Show"
,,,2.4.4.1,Background,,,
,,,,2.4.4.1.1,Picture,จะเปลี่ยนภาพพื้นหลังเป็น Picture ได้อย่างไร,เข้าเมนู Personalize → Background → เลือก Picture
,,,,2.4.4.1.2,Solid Color,จะเปลี่ยนภาพพื้นหลังเป็น Solid Color ได้อย่างไร,เข้าเมนู Personalize → Background → เลือก Solid Color
,,,,2.4.4.1.3,Slide Show,จะเปลี่ยนภาพพื้นหลังเป็น Slide Show ได้อย่างไร,เข้าเมนู Personalize → Background → เลือก Slide Show
,,,2.4.4.2,Colors,,จะปรับสีของหน้าจอ Windows ได้อย่างไร,เข้าเมนู Personalize → Colors สามารถเลือกสีหลักของระบบและปรับโหมด Light/Dark ได้
,,,2.4.4.3,Lock Screen,,จะเปลี่ยนภาพหน้าจอ Lock Screen ได้อย่างไร,เข้าเมนู Personalize → Lock Screen เลือกภาพพื้นหลังหรือกำหนดแอปที่แสดงสถานะบนหน้าจอล็อก
,,,2.4.4.4,Themes,,เมนู Themes ใช้ทำอะไร,"เมนู Themes ใช้ปรับแต่งรูปแบบการใช้งาน เช่น Background, Colors, Sounds และ Mouse cursor"
,,,2.4.4.5,Start,,จะปรับแต่งเมนู Start ได้อย่างไร,เข้าเมนู Personalize → Start สามารถเลือกแสดงหรือซ่อนแอปที่ใช้บ่อย และปรับการแสดงผลของเมนู Start
,,,2.4.4.6,Taskbar,,จะปรับแต่ง Taskbar ได้อย่างไร,"เข้าเมนู Personalize → Taskbar สามารถเลือกตำแหน่งของ Taskbar, การแสดงผลไอคอน และการจัดเรียงปุ่มต่าง ๆ"
,,2.4.5,การใช้งานโปรแกรมถนอมจอภาพด้วยเมนู Lock screen,,,วิธีเปิดใช้งานโปรแกรมถนอมจอภาพ (Screen Saver) ในเมนู Lock screen ทำอย่างไร?,การใช้โปรแกรมถนอมจอภาพสามารถทำได้โดยไปที่เมนู Personalization > Lock screen ซึ่งช่วยป้องกันการเสื่อมสภาพของจอภาพเมื่อไม่ได้ใช้งานนานๆ
,,,2.4.5.1,ขั้นตอนการใช้งานโปรแกรมถนอมจอภาพ,,บอกขั้นตอนการใช้งาน Screen Saver,1. คลิกขวาที่ Desktop เลือก Personalize 2. ไปที่ Lock screen 3. เลือก Screen saver settings 4. เลือกรูปแบบที่ต้องการและตั้งเวลา Wait แล้วกด OK
,,2.4.6,การเลือกและปรับแต่งรูปแบบการใช้งานด้วยเมนู Themes,,,เมนู Themes ใช้ทำอะไรและปรับแต่งอะไรได้บ้าง?,เมนู Themes ใช้สำหรับเลือกและปรับแต่งรูปแบบหน้าตาการใช้งาน Windows โดยรวม เช่น ภาพพื้นหลัง สี เสียง และลักษณะของเมาส์ให้เป็นชุดเดียวกัน
,,,2.4.6.1,ลักษณะการทำงานของการเลือกและปรับแต่งรูปแบบการใช้งานด้วยเมนู Theme,,,
,,,,2.4.6.1.1,การปรับ Themes ของ Background,การปรับ Themes ของ Background มีขั้นตอนอย่างไร?,"สามารถเลือกปรับได้ที่เมนู Background ภายในหน้า Themes โดยเลือกได้ทั้งแบบรูปภาพ (Picture), สีพื้น (Solid color) หรือสไลด์โชว์ (Slideshow)"
,,,,2.4.6.1.2,การปรับ Themes ของ Color,ถ้าต้องการเปลี่ยนสีเมนูหรือ Dark Mode (Themes ของ Color) ต้องทำยังไง?,เข้าไปที่เมนู Colors ในส่วนของ Themes เพื่อเลือกโทนสีสว่าง (Light) หรือมืด (Dark) และเลือกสีเน้น (Accent color) ตามที่คุณต้องการ
,,,,2.4.6.1.3,การปรับ Themes ของ Sounds,การปรับแต่งเสียง (Themes ของ Sounds) คืออะไร?,คือการปรับแต่งเสียงแจ้งเตือนของระบบในเหตุการณ์ต่างๆ เช่น เสียงเมื่อเปิดเครื่อง หรือเสียงเมื่อมีการแจ้งเตือนข้อความเข้า
,,,,2.4.6.1.4,การปรับ Themes ของ Mouse cursor,วิธีเปลี่ยนรูปแบบเมาส์ (Mouse cursor) ในเมนู Themes?,ให้คลิกที่เมนู Mouse cursor ภายใต้ Themes เพื่อเปลี่ยนรูปทรง ขนาด และสีของตัวชี้เมาส์ให้เหมาะสมกับการใช้งาน
,,,,2.4.6.1.5,การกำหนด Desktop Icon Setting ,การตั้งค่า Desktop Icon Setting คืออะไรและตั้งค่าตรงไหน,"คือการกำหนดให้ไอคอนหลักอย่าง This PC, Recycle Bin หรือ Control Panel แสดงบนหน้าจอ เข้าไปตั้งค่าได้ที่เมนู Desktop icon settings ในหน้า Themes ครับ"
,2.5,การปรับสภาพแวดล้อมทั่วไป,,,,,
,,2.5.1,การปรับวันที่และเวลา,,,,
,,,2.5.1.1,ขั้นตอนการปรับวันที่และเวลา,,ปรับวันที่และเวลาในคอมพิวเตอร์ยังไง?,ไปที่ Settings > Time & Language > Date & Time จากนั้นคุณสามารถตั้งค่าให้เป็นอัตโนมัติ (Set time automatically) หรือปรับเองได้
,,2.5.2,การปรับความดังเสียง,,,,
,,,2.5.2.1,ขั้นตอนการปรับความดังเสียง,,วิธีเพิ่มหรือลดระดับเสียงใน Windows,คลิกที่ไอคอนลำโพงบริเวณมุมขวาล่างของ Taskbar แล้วลากแถบสไลด์เพื่อปรับระดับความดังตามต้องการ
,,2.5.3,การสร้างชอร์ตคัต,,,,
,,,2.5.3.1,ขั้นตอนการสร้างชอร์ตคัต,,วิธีสร้าง Shortcut บนหน้าจอ Desktop,"คลิกขวาที่ไฟล์หรือโปรแกรมที่ต้องการ เลือก ""Show more options"" > ""Send to"" > ""Desktop (create shortcut)"""
,2.6,การเปิดโปรแกรมเพื่อใช้งาน,,,,,
,,2.6.1,ขั้นตอนการเปิดโปรแกรมเพื่อใช้งาน,,,จะเปิดใช้งานโปรแกรมต่างๆ ได้อย่างไร?,สามารถเปิดโปรแกรมได้โดยคลิกที่ปุ่ม Start แล้วพิมพ์ชื่อโปรแกรมที่ต้องการ หรือดับเบิลคลิกที่ไอคอนโปรแกรมบน Desktop
,2.7,การทำงานกับไดร์ฟ ไฟล์ และโฟลเดอร์,,,,,
,,2.7.1,การแสดงข้อมูลในโฟลเดอร์ Document,,,โฟลเดอร์ Document คืออะไร,"โฟลเดอร์ Document คือพื้นที่จัดเก็บไฟล์เอกสารของผู้ใช้ในระบบปฏิบัติการ Windows เช่น Word, Excel, PDF และไฟล์งานอื่น ๆ"
,,,2.7.1.1,ขั้นตอนการแสดงข้อมูลในโฟลเดอร์ Document,,เข้าไปดูไฟล์ในโฟลเดอร์ Document ตรงไหน?,"เปิด File Explorer ขึ้นมา แล้วเลือกเมนู ""Documents"" จากแถบเมนูด้านซ้ายเพื่อดูไฟล์เอกสาร"
,,2.7.2,การแสดงข้อมูลในไดรฟ์ต่าง ๆ,,,การแสดงข้อมูลในไดรฟ์คืออะไร,"การแสดงข้อมูลในไดรฟ์คือการเข้าถึงและดูไฟล์หรือโฟลเดอร์ที่จัดเก็บอยู่ในไดรฟ์ต่าง ๆ เช่น C, D, E เพื่อให้ผู้ใช้สามารถจัดการไฟล์ได้สะดวก"
,,,2.7.2.1,ขั้นตอนการแสดงข้อมูลในไดรฟ์ต่าง ๆ,,"วิธีดูข้อมูลในไดรฟ์ (Drive C, D) ของเครื่อง","เปิด File Explorer แล้วเลือก ""This PC"" คุณจะเห็นรายการไดรฟ์ทั้งหมดที่มีอยู่ในเครื่องคอมพิวเตอร์"
,,2.7.3,การแสดงรายการไฟล์ในรูปแบบต่าง ๆ,,,การแสดงรายการไฟล์มีรูปแบบอะไรบ้าง,"การแสดงรายการไฟล์สามารถทำได้หลายรูปแบบ เช่น แบบไอคอนใหญ่ (Large Icons), แบบไอคอนเล็ก (Small Icons), แบบรายการ (List), และแบบรายละเอียด (Details)"
,,,2.7.3.1,ขั้นตอนการแสดงรายการไฟล์ในรูปแบบต่าง ๆ,,วิธีเปลี่ยนรูปแบบการแสดงผลไฟล์ (View),"ใน File Explorer ให้คลิกเมนู ""View"" ด้านบน คุณสามารถเลือกแบบ Icons ใหญ่, รายการ (List) หรือรายละเอียด (Details)"
,,2.7.4,การจัดการไฟล์และโฟลเดอร์,,,ทำไมต้องจัดการไฟล์และโฟลเดอร์,เพราะช่วยให้ค้นหาข้อมูลได้รวดเร็ว ลดความซ้ำซ้อน และเพิ่มประสิทธิภาพในการทำงาน
,,,2.7.4.1,ความหมายของไฟล์,,ไฟล์ (File) คืออะไร,ไฟล์ คือ ข้อมูลหรือชุดคำสั่งที่เก็บอยู่ในเครื่องคอมพิวเตอร์ เช่น รูปภาพ เอกสาร หรือวิดีโอ ซึ่งจะมีนามสกุลไฟล์บอกประเภท
,,,2.7.4.2,ความหมายของโฟลเดอร์,,โฟลเดอร์ (Folder) คืออะไร?,โฟลเดอร์ คือ ที่สำหรับจัดเก็บไฟล์หรือโฟลเดอร์ย่อยอื่นๆ เพื่อความเป็นระเบียบ เปรียบเสมือนแฟ้มเก็บเอกสาร
,,,2.7.4.3,ขั้นตอนการสร้างโฟลเดอร์,,ขอขั้นตอนการสร้างโฟลเดอร์ใหม่,"คลิกขวาที่พื้นที่ว่างใน File Explorer เลือก ""New"" จากนั้นเลือก ""Folder"" แล้วพิมพ์ชื่อที่ต้องการ"
,,,2.7.4.4,ขั้นตอนการเปลี่ยนชื่อไฟล์และโฟลเดอร์,,วิธีเปลี่ยนชื่อ (Rename) ไฟล์หรือโฟลเดอร์,คลิกขวาที่ไฟล์นั้นๆ แล้วเลือกไอคอน Rename (หรือกดปุ่ม F2) จากนั้นพิมพ์ชื่อใหม่แล้วกด Enter
,,,2.7.4.5,ขั้นตอนการเลือกไฟล์และโฟลเดอร์,,"มีวิธีเลือกไฟล์หลายๆ ไฟล์พร้อมกันยังไงบ้าง?

วิธีเลือกไฟล์แบบเฉพาะเจาะจงบางไฟล์ทำยังไง?

อยากเลือกไฟล์จากลำดับที่ 1 ถึง 10 แบบเร็วๆ ทำไง","สามารถเลือกได้หลายวิธีครับ: 1. กด Ctrl+A เพื่อเลือกทั้งหมด 2. กด Shift ค้างเพื่อเลือกไฟล์ที่เรียงติดกัน หรือ 3. กด Ctrl ค้างไว้แล้วคลิกเลือกทีละไฟล์ที่ต้องการ

ให้กดปุ่ม Ctrl บนคีย์บอร์ดค้างไว้ แล้วใช้เมาส์คลิกเลือกไฟล์หรือโฟลเดอร์ที่ต้องการทีละอัน เมื่อเลือกครบแล้วจึงปล่อยปุ่ม Ctrl

ให้คลิกที่ไฟล์ลำดับที่ 1 จากนั้นกดปุ่ม Shift ค้างไว้ แล้วไปคลิกที่ไฟล์ลำดับที่ 10 ระบบจะคลุมดำเลือกไฟล์ทั้งหมดที่อยู่ระหว่างกลางให้ทันที"
,,,2.7.4.6,ขั้นตอนการคัดลอกไฟล์หรือโฟลเดอร์,,วิธีคัดลอก (Copy) ไฟล์หรือโฟลเดอร์,"คลิกขวาที่ไฟล์เลือก ""Copy"" จากนั้นไปยังที่ปลายทางแล้วคลิกขวาเลือก ""Paste"""
,,,,2.7.4.6.1,การคัดลอกไฟล์ที่มีชื่อเดียวกันอยู่ในไดรฟ์หรือโฟลเดอร์ปลายทาง,วิธีการจัดการเมื่อ Copy ไฟล์แล้วชื่อเหมือนกันในโฟลเดอร์ปลายทาง,เมื่อชื่อซ้ำ ระบบจะมีหน้าต่างแจ้งเตือน แนะนำให้เลือก 'Replace' ถ้าต้องการไฟล์ล่าสุด หรือเลือก 'Let me decide' หากต้องการเก็บทั้งสองไฟล์ไว้เพื่อตรวจสอบภายหลังค
,,,2.7.4.7,ขั้นตอนการย้ายไฟล์หรือโฟลเดอร์,,วิธีการย้าย (Move) ไฟล์ไปยังโฟลเดอร์อื่น,"คลิกขวาที่ไฟล์เลือก ""Cut"" แล้วไปที่โฟลเดอร์ปลายทาง คลิกขวาเลือก ""Paste"" ไฟล์เดิมจะหายไปย้ายมาอยู่ที่ใหม่"
,,,2.7.4.8,ขั้นตอนการลบไฟล์หรือโฟลเดอร์,,วิธีลบไฟล์ (Delete) ออกจากเครื่อง,คลิกขวาที่ไฟล์แล้วเลือกไอคอนถังขยะ (Delete) ไฟล์จะไปอยู่ใน Recycle Bin ก่อนที่จะถูกลบถาวร
,,,2.7.4.9,ขั้นตอนการค้นหาไฟล์,,คลิกขวาที่ไฟล์แล้วเลือกไอคอนถังขยะ (Delete) ไฟล์จะไปอยู่ใน Recycle Bin ก่อนที่จะถูกลบถาวร,คลิกที่ช่อง Search ใน File Explorer (มุมขวาบน) แล้วพิมพ์ชื่อไฟล์ที่ต้องการค้นหา
3,การใช้งานอินเทอร์เน็ต,,,,,,
,3.1,ความรู้ทั่วไปเกี่ยวกับอินเทอร์เน็ต,,,,นเทอร์เน็ตถูกใช้งานในชีวิตประจำวันอย่างไร,ใช้ในการค้นหาข้อมูล ส่งอีเมล ดูวิดีโอ ทำงานออนไลน์ ซื้อขายสินค้า และสื่อสารผ่านโซเชียลมีเดีย
,,3.1.1,ความหมายของอินเทอร์เน็ต,,,อินเทอร์เน็ตคืออะไร,อินเทอร์เน็ตคือเครือข่ายคอมพิวเตอร์ขนาดใหญ่ที่เชื่อมโยงกันทั่วโลกเพื่อแลกเปลี่ยนข้อมูลและสื่อสาร
,,3.1.2,วิธีการในการติดต่อบนระบบบอินเทอร์เน็ต,,,การติดต่อบนอินเทอร์เน็ตทำได้อย่างไร,การติดต่อทำได้ผ่านอีเมล โซเชียลมีเดีย เว็บไซต์ หรือโปรแกรมแชต
,,3.1.3,โปรโตคอลที่เชื่อมต่ออยู่ในอินเทอร์เน็ต,,,โปรโตคอลอินเทอร์เน็ตมีอะไรบ้าง,"เช่น TCP/IP, HTTP, HTTPS, FTP, SMTP"
,,3.1.4,ความหมายของโดเมนเนม,,,โดเมนเนมคืออะไร,โดเมนเนมคือชื่อที่ใช้แทน IP Address เพื่อให้จำง่าย เช่น google.com
,,,3.1.4.1,โดเมนเนม 2 ระดับ,,โดเมนเนม 2 ระดับคืออะไร,เช่น example.com  ประกอบด้วยชื่อโดเมนและนามสกุลโดเมน
,,,3.1.4.2,โดเมนเนม 3 ระดับ,,โดเมนเนม 3 ระดับคืออะไร,เช่น mail.example.com  มีชื่อโดเมนย่อยเพิ่มเข้ามา
,,,3.1.4.3,โดเมนเนมที่ใช้กำหนดประเภทขององค์กร,,โดเมนเนมองค์กรคืออะไร,"เช่น .edu สำหรับการศึกษา, .gov สำหรับรัฐบาล"
,,,3.1.4.4,โดเมนเนมที่เป็นชื่อประเทศ,,โดเมนเนมประเทศคืออะไร,"เช่น .th สำหรับประเทศไทย, .jp สำหรับญี่ปุ่น"
,,,3.1.4.5,ขั้นตอนการจดทะเบียนเพื่อใช้งานโดเมนเนม,,จะจดทะเบียนโดเมนเนมได้อย่างไร,เลือกชื่อโดเมน → ตรวจสอบความว่าง → ซื้อผ่านผู้ให้บริการ → กำหนด DNS
,,3.1.5,ลักษณะของการเชื่อมต่ออินเทอร์เน็ต,,,ลักษณะของการเชื่อมต่ออินเทอร์เน็ตมีอะไรบ้าง,"การเชื่อมต่ออินเทอร์เน็ตมีหลายลักษณะ เช่น การเชื่อมต่อผ่านสายโทรศัพท์ (Dial-up), การเชื่อมต่อผ่านสายเคเบิลหรือไฟเบอร์ (Broadband), การเชื่อมต่อแบบไร้สาย (Wi-Fi), และการเชื่อมต่อผ่านเครือข่ายมือถือ (Mobile Network)"
,,,3.1.5.1,การเชื่อมต่อส่วนบุคคล,,การเชื่อมต่ออินเทอร์เน็ตส่วนบุคคลคืออะไร,คือการเชื่อมต่อผ่าน Wi-Fi หรือ Mobile Data สำหรับผู้ใช้ทั่วไป
,,,3.1.5.2,การเชื่อมต่อแบบองค์กร,,การเชื่อมต่ออินเทอร์เน็ตแบบองค์กรคืออะไร,คือการเชื่อมต่อที่มีความเร็วสูงและปลอดภัย ใช้ในบริษัทหรือมหาวิทยาลัย
,,3.1.6,ความเร็วในการเชื่อมต่ออินเทอน์เน็ต,,,ความเร็วในการเชื่อมต่ออินเทอร์เน็ตคืออะไร,ความเร็วอินเทอร์เน็ตคืออัตราการรับส่งข้อมูลระหว่างอุปกรณ์ของผู้ใช้กับเครือข่ายอินเทอร์เน็ต โดยวัดเป็น Mbps (Megabits per second)
,,,3.1.6.1,ความเร็วดาวน์โหลด,,ความเร็วดาวน์โหลดคืออะไร,คือความเร็วในการรับข้อมูลจากอินเทอร์เน็ตเข้าสู่เครื่อง
,,,3.1.6.2,ความเร็วอัปโหลด,,ความเร็วอัปโหลดคืออะไร,คือความเร็วในการส่งข้อมูลจากเครื่องขึ้นไปยังอินเทอร์เน็ต
,,,3.1.6.3,การกำหนดความเร็วของผู้ให้บริการ,,ผู้ให้บริการกำหนดความเร็วอินเทอร์เน็ตอย่างไร,"กำหนดตามแพ็กเกจ เช่น 100 Mbps, 300 Mbps"
,,,3.1.6.4,ลักษณะการให้บริการของอินเทอร์เน็ตบ้าน,,อินเทอร์เน็ตบ้านมีลักษณะอย่างไร,มีความเร็วคงที่ ใช้สายไฟเบอร์หรือ DSL เหมาะกับครัวเรือน
,,,3.1.6.5,ลักษณะการให้บริการของอินเทอร์เน็ตองค์กร,,อินเทอร์เน็ตองค์กรมีลักษณะอย่างไร,มีความเร็วสูงและเสถียร พร้อมระบบรักษาความปลอดภัย
,3.2,บริการคลาวด์ในอินเทอร์เน็ต,,,,บริการคลาวด์ในอินเทอร์เน็ตคืออะไร,บริการคลาวด์ในอินเทอร์เน็ตคือการให้บริการทรัพยากรคอมพิวเตอร์ เช่น การจัดเก็บข้อมูล ซอฟต์แวร์ หรือโครงสร้างพื้นฐาน ผ่านระบบออนไลน์ โดยผู้ใช้สามารถเข้าถึงได้ทุกที่ทุกเวลา
,,3.2.1,ความแตกต่างของบริการอินเทอร์เน็ตในยุคเก่าและยุคปัจจบัน,,,อินเทอร์เน็ตยุคเก่ากับยุคใหม่ต่างกันอย่างไร,ยุคเก่าเน้นการสื่อสารข้อความ ส่วนยุคใหม่เน้นมัลติมีเดีย คลาวด์ และ IoT
,,3.2.2,ความหมายของการให้บริการคลาวด์ในอินเทอร์เน็ต,,,คลาวด์คืออะไร,คลาวด์คือการให้บริการทรัพยากรคอมพิวเตอร์ผ่านอินเทอร์เน็ต เช่น การเก็บข้อมูล
,,3.2.3,ลักษณะของการให้บริการคลาวด์ในอินเทอร์เน็ต,,,การให้บริการคลาวด์มีลักษณะอย่างไร,ให้บริการแบบออนไลน์ เข้าถึงได้ทุกที่ทุกเวลา
,,3.2.4,ความสำคัญของการให้บริการคลาวด์ในอินเทอร์เน็ต,,,คลาวด์สำคัญอย่างไร,ช่วยลดต้นทุน เพิ่มความสะดวก และรองรับการทำงานร่วมกัน
,,3.2.5,ข้อดีของของการให้บริการคลาวด์ในอินเทอร์เน็ต,,,คลาวด์มีข้อดีอะไรบ้าง,เช่น เข้าถึงง่าย ขยายระบบได้รวดเร็ว และไม่ต้องลงทุนฮาร์ดแวร์
,,3.2.6,ข้อสังเกตุของของการให้บริการคลาวด์ในอินเทอร์เน็ต,,,คลาวด์มีข้อสังเกตอะไรบ้าง,ต้องพิจารณาความปลอดภัย ความเป็นส่วนตัว และการพึ่งพาผู้ให้บริการ
,,3.2.7,การจำแนกบริการคลาวด์คอมพิวติง,,,การจำแนกบริการคลาวด์คอมพิวติงมีอะไรบ้าง,"การจำแนกบริการคลาวด์คอมพิวติงแบ่งออกเป็น 3 รูปแบบหลัก ได้แก่ SaaS, IaaS และ PaaS"
,,,3.2.7.1,ความหมายของ Software as a Service (SaaS),,SaaS คืออะไร,"SaaS (Software as a Service) คือการใช้ซอฟต์แวร์ผ่านอินเทอร์เน็ต เช่น Gmail, Google Docs"
,,,3.2.7.2,ความหมายของ Infrastructure as a Service (IaaS),,IaaS คืออะไร,IaaS (Infrastructure as a Service) คือการเช่าโครงสร้างพื้นฐาน เช่น เซิร์ฟเวอร์ เสมือน
,,,3.2.7.3,ความหมายของ Platform as a Service (PaaS),,PaaS คืออะไร,PaaS (Platform as a Service) คือการใช้แพลตฟอร์มสำหรับพัฒนาแอป เช่น Google App Engine
,3.3,การค้นหาข้อมูลในอินเทอร์เน็ต,,,,จะค้นหาข้อมูลในอินเทอร์เน็ตได้อย่างไร,"สามารถใช้ Google, Bing หรือ Yahoo โดยพิมพ์คำค้นหาในช่อง Search แล้วกด Enter ระบบจะแสดงผลลัพธ์ที่เกี่ยวข้อง"
,,3.3.1,ลักษณะการค้นหาแบบ Search Engine,,,Search Engine คืออะไร,"Search Engine คือระบบค้นหาข้อมูล เช่น Google, Bing"
,,,3.3.1.1,ขัั้นตอนการค้นหาข้อมูลผ่านเว็บไซต์ (Search Engine) ด้วย google,,จะค้นหาข้อมูลด้วย Google ได้อย่างไร,เปิด Google → พิมพ์คำค้นหา → กด Enter → เลือกผลลัพธ์
,,,3.3.1.2,เทคนิคการกำหนดรูปแบบการค้นหา,,เทคนิคการค้นหาข้อมูลคืออะไร,ใช้เครื่องหมายคำพูด (“…”) หรือเครื่องหมายบวก/ลบ เพื่อเจาะจงผลลัพธ์
,,3.3.2,ลักษณะการค้นหาแบบ Search Directories,,,Search Directories คืออะไร,คือการค้นหาผ่านหมวดหมู่ที่จัดไว้ เช่น Yahoo Directory
,,3.3.3,ลักษณะการค้นหาแบบ Intelligent Search,,,ลักษณะการค้นหาแบบ Intelligent Search คืออะไร,Intelligent Search คือการค้นหาที่ใช้ AI และ Machine Learning เพื่อให้ผลลัพธ์ตรงตามบริบทและความต้องการของผู้ใช้มากขึ้น
,,,3.3.3.1,การค้นหาข้อมูลบนอุปกรณ์เคลื่อนที่,,จะค้นหาข้อมูลบนอุปกรณ์เคลื่อนที่ได้อย่างไร,สามารถค้นหาข้อมูลได้โดยใช้แอปพลิเคชัน Google หรือเบราว์เซอร์บนสมาร์ทโฟน พิมพ์คำค้นหาในช่อง Search แล้วกด Enter ระบบจะแสดงผลลัพธ์ที่เกี่ยวข้อง
,,,,3.3.3.1.1,ขั้้นตอนการค้นหาข้อมูลด้วยเสียง,วิธีค้นหาข้อมูลด้วยเสียง (Voice Search) ทำอย่างไร?,"แตะที่ไอคอน ""ไมโครโฟน"" ในแถบค้นหาของ Google จากนั้นพูดคำที่ต้องการค้นหา ระบบจะประมวลผลเสียงเป็นข้อความและแสดงผลลัพธ์ทันที"
,,,,3.3.3.1.2,ขั้นตอนการค้นหาข้อมูลด้วยภาพ,ค้นหาข้อมูลด้วยรูปภาพหรือ Google Lens ทำยังไง?,"เปิดแอป Google แล้วแตะที่ไอคอน ""กล้อง"" (Google Lens) เพื่อถ่ายภาพวัตถุหรือเลือกรูปจากเครื่อง ระบบจะค้นหาข้อมูลที่เกี่ยวข้องจากภาพนั้น"
,,,3.3.3.2,การค้นหาข้อมูลด้วย AI,,การค้นหาข้อมูลด้วย AI คืออะไร,การค้นหาข้อมูลด้วย AI คือการใช้ระบบอัจฉริยะในการประมวลผลและตอบสนองต่อคำถามของผู้ใช้ โดยสามารถให้ผลลัพธ์ที่รวดเร็ว เจาะลึก และปรับตามบริบทได้ดีกว่าการค้นหาแบบดั้งเดิม เช่น ChatGPT หรือ Google SGE
,,,,3.3.3.2,ขั้นตอนการค้นหาข้อมูลด้วย AI ด้วย ChatGPT,การค้นหาข้อมูลด้วย AI หรือ ChatGPT คืออะไร?,คือการค้นหาแบบโต้ตอบ โดย AI จะสรุปคำตอบจากฐานข้อมูลขนาดใหญ่และตอบคำถามคุณในลักษณะการสนทนา ช่วยให้เข้าใจเรื่องที่ซับซ้อนได้ง่ายขึ้น
,3.4,การลงทะเบียนบัญชี google,,,,การลงทะเบียนบัญชี Google คืออะไร,"การลงทะเบียนบัญชี Google คือการสร้างบัญชีผู้ใช้เพื่อเข้าถึงบริการต่าง ๆ ของ Google เช่น Gmail, YouTube, Google Drive และ Google Calendar"
,,3.4.1,ความสำคัญของการมีบัญชี google,,,ทำไมต้องมีบัญชี Google (Google Account)?,"เพื่อใช้เข้าถึงบริการต่างๆ ของ Google ได้อย่างเต็มที่ เช่น Gmail, YouTube, Google Drive และใช้ลงชื่อเข้าใช้แอปพลิเคชันหรือเว็บไซต์อื่นๆ ได้สะดวก"
,,3.4.2,ขั้นตอนการลงทะเบียนบัญชี google,,,ขั้นตอนการสมัครบัญชี Google ทำอย่างไร?,"1. เข้าไปที่ accounts.google.com 2. เลือก ""สร้างบัญชี"" 3. กรอกชื่อ-นามสกุล 4. ตั้งชื่อผู้ใช้ (@gmail.com) และรหัสผ่าน 5. ยืนยันเบอร์โทรศัพท์ตามขั้นตอน"
,3.5,การใช้งานไปรษณีย์อิเล็กทรอนิกส์,,,,ไปรษณีย์อิเล็กทรอนิกส์คืออะไร,ไปรษณีย์อิเล็กทรอนิกส์ (Email) คือระบบการสื่อสารผ่านอินเทอร์เน็ตที่ช่วยให้ผู้ใช้สามารถส่ง รับ และจัดเก็บข้อความหรือไฟล์แนบได้อย่างรวดเร็วและสะดวก
,,3.5.1,ความสำคัญของไปรษณีย์อิเล็กทรอนิกส์,,,อีเมลสำคัญอย่างไร,ใช้สื่อสารอย่างเป็นทางการ รวดเร็ว และเก็บบันทึกได้
,,3.5.2,ลักษณะการทำงานของ Gmail,,,Gmail ทำงานอย่างไร,Gmail เป็นบริการอีเมลบนคลาวด์ สามารถส่ง รับ และจัดเก็บจดหมายได้
,,3.5.3,ขั้นตอนการเข้าใช้ไปรษณีย์อิเล็กทรอนิกส์ Gmail,,,จะเข้าใช้งาน Gmail ได้อย่างไร,เปิดเว็บเบราว์เซอร์ → ไปที่ www.gmail.com  → กรอกอีเมลและรหัสผ่านบัญชี Google → กด Sign in → เข้าสู่กล่องจดหมาย Gmail
,,,3.5.3.1,เมนูของ Gmail,,เมนูหลักของ Gmail มีอะไรบ้าง?,"เมนูหลักประกอบด้วย: Inbox (กล่องจดหมาย), Starred (ติดดาว), Sent (ส่งแล้ว), Drafts (ร่างจดหมาย) และ Trash (ถังขยะ)"
,,,3.5.3.2,ขั้นตอนการปรับแต่งให้แสดงเป็นภาษาไทย,,Gmail เป็นบริการอีเมลบนคลาวด์ สามารถส่ง รับ และจัดเก็บจดหมายได้,เข้าสู่ระบบ Gmail → คลิกไอคอนรูปเฟือง (การตั้งค่า) → เลือก “See all settings” → ไปที่แท็บ General → ในหัวข้อ Language เลือก “ภาษาไทย” → กด Save Changes ระบบจะเปลี่ยนเป็นภาษาไทยทันที
,,,3.5.3.3,ขั้นตอนการเขียนจดหมาย,,วิธีการเขียนและส่งอีเมล (Compose),"คลิกที่ปุ่ม ""Compose"" (เขียน) > ระบุอีเมลผู้รับ (To) > ใส่หัวข้อ (Subject) > พิมพ์เนื้อหาจดหมาย > แล้วกดปุ่ม ""Send"" (ส่ง)"
,,,3.5.3.4,การออกจากระบบเมื่อเลิกใช้งาน,,การออกจากระบบ Gmail (Sign out) เมื่อเลิกใช้,"คลิกที่รูปโปรไฟล์ของคุณบริเวณมุมขวาบนของหน้าจอ แล้วเลือกเมนู ""Sign out"" (ออกจากระบบ) เพื่อความปลอดภัยของข้อมูล"
,3.6,การใช้แอปพลิเคชั่นพื้นฐานบนอุปกรณ์เคลื่อนที่,,,,การใช้แอปพลิเคชันพื้นฐานบนมือถือมีอะไรบ้าง,"การใช้แอปพลิเคชันพื้นฐานบนอุปกรณ์เคลื่อนที่ ได้แก่ Gmail สำหรับอีเมล, YouTube สำหรับดูวิดีโอ, และ Google Calendar สำหรับจัดการตารางเวลา ซึ่งช่วยให้ผู้ใช้สามารถทำงาน ติดต่อสื่อสาร และจัดการชีวิตประจำวันได้สะดวกทุกที่ทุกเวลา"
,,3.6.1,แอปพลิเคชั่น Gmail,,,แอปพลิเคชัน Gmail คืออะไร,แอปพลิเคชัน Gmail คือโปรแกรมอีเมลของ Google ที่ใช้บนอุปกรณ์เคลื่อนที่ทั้ง Android และ iOS เพื่อส่ง รับ และจัดการจดหมายอิเล็กทรอนิกส์ได้สะดวกทุกที่ทุกเวลา
,,,3.6.1.1,ขั้นตอนการใช้งานแอปพลิเคชั่น Gmail บนอุปกรณ์เคลื่อนที่ระบบปฏิบัติการ android,,จะใช้งาน Gmail บนมือถือ Android ได้อย่างไร,"เปิดแอป Gmail → กด “Sign in” → กรอกอีเมลและรหัสผ่านบัญชี Google → กด Next → เข้าสู่กล่องจดหมาย สามารถกด Compose เพื่อเขียนอีเมลใหม่ และใช้เมนู Inbox, Sent, Drafts เพื่อจัดการจดหมาย"
,,,3.6.1.2,ขั้นตอนการใช้งานแอปพลิเคชั่น Gmail บนอุปกรณ์เคลื่อนที่ระบบปฏิบัติการ ios,,จะใช้งาน Gmail บน iPhone/iPad ได้อย่างไร,"ดาวน์โหลดแอป Gmail จาก App Store → เปิดแอป → กด “Sign in” → กรอกอีเมลและรหัสผ่านบัญชี Google → กด Next → เข้าสู่กล่องจดหมาย สามารถกด Compose เพื่อเขียนอีเมลใหม่ และใช้เมนู Inbox, Sent, Drafts เพื่อจัดการจดหมาย"
,,3.6.2,แอปพลิเคชั่น Youtube,,,แอปพลิเคชัน YouTube คืออะไร,YouTube คือแพลตฟอร์มวิดีโอออนไลน์ที่ให้ผู้ใช้ดู แชร์ และอัปโหลดวิดีโอได้ฟรี
,,,3.6.2.1,ลักษณะการทำงานของ Youtube,,YouTube ทำงานอย่างไร,YouTube ทำงานผ่านระบบสตรีมมิ่ง ผู้ใช้สามารถค้นหาวิดีโอ ดูแบบออนไลน์ กด Subscribe ช่องที่สนใจ และแสดงความคิดเห็นได้
,,,3.6.2.2,ขั้นตอนการใช้งานแอปพลิเคชั่น Youtube บนอุปกรณ์เคลื่อนที่ระบบปฏิบัติการ android,,จะใช้งาน YouTube บนมือถือ Android ได้อย่างไร,"เปิดแอป YouTube → เข้าสู่ระบบด้วยบัญชี Google → ใช้ช่องค้นหาเพื่อหาวิดีโอ → กด Play เพื่อดู → สามารถกด Subscribe, Like หรือ Share ได้"
,,,3.6.2.3,ขั้นตอนการใช้งานแอปพลิเคชั่น Youtube บนอุปกรณ์เคลื่อนที่ระบบปฏิบัติการ ios,,จะใช้งาน YouTube บน iPhone/iPad ได้อย่างไร,"ดาวน์โหลดแอป YouTube จาก App Store → เปิดแอป → เข้าสู่ระบบด้วยบัญชี Google → ใช้ช่องค้นหาเพื่อหาวิดีโอ → กด Play เพื่อดู → สามารถกด Subscribe, Like หรือ Share ได้"
,,3.6.3,แอปพลิเคชั่น Google Calendar,,,แอปพลิเคชัน Google Calendar คืออะไร,Google Calendar คือแอปพลิเคชันจัดการตารางเวลาและกิจกรรมของ Google ที่ช่วยให้ผู้ใช้สร้าง นัดหมาย และแจ้งเตือนเหตุการณ์ได้สะดวก
,,,3.6.3.1,ลักษณะการทำงานของ Google Calendar,,Google Calendar ทำงานอย่างไร,Google Calendar ทำงานโดยให้ผู้ใช้สร้างกิจกรรม กำหนดเวลา สถานที่ และการแจ้งเตือน พร้อมซิงค์ข้อมูลกับอุปกรณ์ทุกเครื่องที่ใช้บัญชี Google เดียวกัน
,,,3.6.3.2,ขั้นตอนการใช้งานแอปพลิเคชั่น Google Calendar บนอุปกรณ์เคลื่อนที่ระบบปฏิบัติการ android,,จะใช้งาน Google Calendar บนมือถือ Android ได้อย่างไร,เปิดแอป Google Calendar → เข้าสู่ระบบด้วยบัญชี Google → กดปุ่ม “+” เพื่อสร้างกิจกรรมใหม่ → กำหนดชื่อ เวลา สถานที่ และการแจ้งเตือน → กด Save เพื่อบันทึก
,,,3.6.3.3,ขั้นตอนการใช้งานแอปพลิเคชั่น Google Calendar บนอุปกรณ์เคลื่อนที่ระบบปฏิบัติการ ios,,จะใช้งาน Google Calendar บน iPhone/iPad ได้อย่างไร,ดาวน์โหลดแอป Google Calendar จาก App Store → เปิดแอป → เข้าสู่ระบบด้วยบัญชี Google → กดปุ่ม “+” เพื่อสร้างกิจกรรมใหม่ → กำหนดชื่อ เวลา สถานที่ และการแจ้งเตือน → กด Save เพื่อบันทึก
,,,,,,,
,,,,,,,
,,,,,,,
,,,,,,,
,,,,,,,
,,,,,,,
,,,,,,,
,,,,,,,
,,,,,,,
,,,,,,,
,,,,,,,
,,,,,,,
,,,,,,,
,,,,,,,
,,,,,,,
,,,,,,,
,,,,,,,
,,,,,,,
,,,,,,,
,,,,,,,
,,,,,,,
,,,,,,,
,,,,,,,
,,,,,,,
,,,,,,,
,,,,,,,
,,,,,,,
,,,,,,,
,,,,,,,
,,,,,,,
,,,,,,,
,,,,,,,
,,,,,,,
,,,,,,,
,,,,,,,
,,,,,,,
,,,,,,,
,,,,,,,
,,,,,,,
,,,,,,,
,,,,,,,
,,,,,,,
,,,,,,,
,,,,,,,
,,,,,,,
,,,,,,,
,,,,,,,
,,,,,,,
,,,,,,,
,,,,,,,
,,,,,,,
,,,,,,,
,,,,,,,
,,,,,,,
,,,,,,,
,,,,,,,
,,,,,,,
,,,,,,,
,,,,,,,
,,,,,,,
,,,,,,,
,,,,,,,
,,,,,,,
,,,,,,,
,,,,,,,
,,,,,,,
,,,,,,,
,,,,,,,
,,,,,,,
,,,,,,,
,,,,,,,
,,,,,,,
,,,,,,,
,,,,,,,
,,,,,,,
,,,,,,,
,,,,,,,
,,,,,,,
,,,,,,,
,,,,,,,
,,,,,,,
,,,,,,,
,,,,,,,
,,,,,,,
,,,,,,,
,,,,,,,
,,,,,,,
,,,,,,,
,,,,,,,
,,,,,,,
,,,,,,,
,,,,,,,
,,,,,,,
,,,,,,,
,,,,,,,
,,,,,,,
,,,,,,,
,,,,,,,
,,,,,,,
,,,,,,,
,,,,,,,
,,,,,,,
,,,,,,,
,,,,,,,
,,,,,,,
,,,,,,,
,,,,,,,
,,,,,,,
,,,,,,,
,,,,,,,
,,,,,,,
,,,,,,,
,,,,,,,
,,,,,,,
,,,,,,,
,,,,,,,
,,,,,,,
,,,,,,,
,,,,,,,
,,,,,,,
,,,,,,,
,,,,,,,
,,,,,,,
,,,,,,,
,,,,,,,
,,,,,,,
,,,,,,,
,,,,,,,
,,,,,,,
,,,,,,,
,,,,,,,
,,,,,,,
,,,,,,,
,,,,,,,
,,,,,,,
,,,,,,,
,,,,,,,
,,,,,,,
,,,,,,,
,,,,,,,
,,,,,,,
,,,,,,,
,,,,,,,
,,,,,,,
,,,,,,,
,,,,,,,
,,,,,,,
,,,,,,,
,,,,,,,
,,,,,,,
,,,,,,,
,,,,,,,
,,,,,,,
,,,,,,,
,,,,,,,
,,,,,,,
,,,,,,,
,,,,,,,
,,,,,,,
,,,,,,,
,,,,,,,
,,,,,,,
,,,,,,,
,,,,,,,
,,,,,,,
,,,,,,,
,,,,,,,
,,,,,,,
,,,,,,,
,,,,,,,
,,,,,,,
,,,,,,,
,,,,,,,
,,,,,,,
,,,,,,,
,,,,,,,
,,,,,,,
,,,,,,,
,,,,,,,
,,,,,,,
,,,,,,,
,,,,,,,
,,,,,,,
,,,,,,,
,,,,,,,
,,,,,,,
,,,,,,,
,,,,,,,
,,,,,,,
,,,,,,,
,,,,,,,
,,,,,,,
,,,,,,,
,,,,,,,
,,,,,,,
,,,,,,,
,,,,,,,
,,,,,,,
,,,,,,,
,,,,,,,
,,,,,,,
,,,,,,,
,,,,,,,
,,,,,,,
,,,,,,,
,,,,,,,
,,,,,,,
,,,,,,,
,,,,,,,
,,,,,,,
,,,,,,,
,,,,,,,
,,,,,,,
,,,,,,,
,,,,,,,
,,,,,,,
,,,,,,,
,,,,,,,
,,,,,,,
,,,,,,,
,,,,,,,
,,,,,,,
,,,,,,,
,,,,,,,
,,,,,,,
,,,,,,,
,,,,,,,
,,,,,,,
,,,,,,,
,,,,,,,
,,,,,,,
,,,,,,,
,,,,,,,
,,,,,,,
,,,,,,,
,,,,,,,
,,,,,,,
,,,,,,,
,,,,,,,
,,,,,,,
,,,,,,,
,,,,,,,
,,,,,,,
,,,,,,,
,,,,,,,
,,,,,,,
,,,,,,,
,,,,,,,
,,,,,,,
,,,,,,,
,,,,,,,
,,,,,,,
,,,,,,,
,,,,,,,
,,,,,,,
,,,,,,,
,,,,,,,
,,,,,,,
,,,,,,,
,,,,,,,
,,,,,,,
,,,,,,,
,,,,,,,
,,,,,,,
,,,,,,,
,,,,,,,
,,,,,,,
,,,,,,,
,,,,,,,
,,,,,,,
,,,,,,,
,,,,,,,
,,,,,,,
,,,,,,,
,,,,,,,
,,,,,,,
,,,,,,,
,,,,,,,
,,,,,,,
,,,,,,,
,,,,,,,
,,,,,,,
,,,,,,,
,,,,,,,
,,,,,,,
,,,,,,,
,,,,,,,
,,,,,,,
,,,,,,,
,,,,,,,
,,,,,,,
,,,,,,,
,,,,,,,
,,,,,,,
,,,,,,,
,,,,,,,
,,,,,,,
,,,,,,,
,,,,,,,
,,,,,,,
,,,,,,,
,,,,,,,
,,,,,,,
,,,,,,,
,,,,,,,
,,,,,,,
,,,,,,,
,,,,,,,
,,,,,,,
,,,,,,,
,,,,,,,
,,,,,,,
,,,,,,,
,,,,,,,
,,,,,,,
,,,,,,,
,,,,,,,
,,,,,,,
,,,,,,,
,,,,,,,
,,,,,,,
,,,,,,,
,,,,,,,
,,,,,,,
,,,,,,,
,,,,,,,
,,,,,,,
,,,,,,,
,,,,,,,
,,,,,,,
,,,,,,,
,,,,,,,
,,,,,,,
,,,,,,,
,,,,,,,
,,,,,,,
,,,,,,,
,,,,,,,
,,,,,,,
,,,,,,,
,,,,,,,
,,,,,,,
,,,,,,,
,,,,,,,
,,,,,,,
,,,,,,,
,,,,,,,
,,,,,,,
,,,,,,,
,,,,,,,
,,,,,,,
,,,,,,,
,,,,,,,
,,,,,,,
,,,,,,,
,,,,,,,
,,,,,,,
,,,,,,,
,,,,,,,
,,,,,,,
,,,,,,,
,,,,,,,
,,,,,,,
,,,,,,,
,,,,,,,
,,,,,,,
,,,,,,,
,,,,,,,
,,,,,,,
,,,,,,,
,,,,,,,
,,,,,,,
,,,,,,,
,,,,,,,
,,,,,,,
,,,,,,,
,,,,,,,
,,,,,,,
,,,,,,,
,,,,,,,
,,,,,,,
,,,,,,,
,,,,,,,
,,,,,,,
,,,,,,,
,,,,,,,
,,,,,,,
,,,,,,,
,,,,,,,
,,,,,,,
,,,,,,,
,,,,,,,
,,,,,,,
,,,,,,,
,,,,,,,
,,,,,,,
,,,,,,,
,,,,,,,
,,,,,,,
,,,,,,,
,,,,,,,
,,,,,,,
,,,,,,,
,,,,,,,
,,,,,,,
,,,,,,,
,,,,,,,
,,,,,,,
,,,,,,,
,,,,,,,
,,,,,,,
,,,,,,,
,,,,,,,
,,,,,,,
,,,,,,,
,,,,,,,
,,,,,,,
,,,,,,,
,,,,,,,
,,,,,,,
,,,,,,,
,,,,,,,
,,,,,,,
,,,,,,,
,,,,,,,
,,,,,,,
,,,,,,,
,,,,,,,
,,,,,,,
,,,,,,,
,,,,,,,
,,,,,,,
,,,,,,,
,,,,,,,
,,,,,,,
,,,,,,,
,,,,,,,
,,,,,,,
,,,,,,,
,,,,,,,
,,,,,,,
,,,,,,,
,,,,,,,
,,,,,,,
,,,,,,,
,,,,,,,
,,,,,,,
,,,,,,,
,,,,,,,
,,,,,,,
,,,,,,,
,,,,,,,
,,,,,,,
,,,,,,,
,,,,,,,
,,,,,,,
,,,,,,,
,,,,,,,
,,,,,,,
,,,,,,,
,,,,,,,
,,,,,,,
,,,,,,,
,,,,,,,
,,,,,,,
,,,,,,,
,,,,,,,
,,,,,,,
,,,,,,,
,,,,,,,
,,,,,,,
,,,,,,,
,,,,,,,
,,,,,,,
,,,,,,,
,,,,,,,
,,,,,,,
,,,,,,,
,,,,,,,
,,,,,,,
,,,,,,,
,,,,,,,
,,,,,,,
,,,,,,,
,,,,,,,
,,,,,,,
,,,,,,,
,,,,,,,
,,,,,,,
,,,,,,,
,,,,,,,
,,,,,,,
,,,,,,,
,,,,,,,
,,,,,,,
,,,,,,,
,,,,,,,
,,,,,,,
,,,,,,,
,,,,,,,
,,,,,,,
,,,,,,,
,,,,,,,
,,,,,,,
,,,,,,,
,,,,,,,
,,,,,,,
,,,,,,,
,,,,,,,
,,,,,,,
,,,,,,,
,,,,,,,
,,,,,,,
,,,,,,,
,,,,,,,
,,,,,,,
,,,,,,,
,,,,,,,
,,,,,,,
,,,,,,,
,,,,,,,
,,,,,,,
,,,,,,,
,,,,,,,
,,,,,,,
,,,,,,,
,,,,,,,
,,,,,,,
,,,,,,,
,,,,,,,
,,,,,,,
,,,,,,,
,,,,,,,
,,,,,,,
,,,,,,,
,,,,,,,
,,,,,,,
,,,,,,,
,,,,,,,
,,,,,,,
,,,,,,,
,,,,,,,
,,,,,,,
,,,,,,,
,,,,,,,
,,,,,,,
,,,,,,,
,,,,,,,
,,,,,,,
,,,,,,,
,,,,,,,
,,,,,,,
,,,,,,,
,,,,,,,
,,,,,,,
,,,,,,,
,,,,,,,
,,,,,,,
,,,,,,,
,,,,,,,
,,,,,,,
,,,,,,,
,,,,,,,
,,,,,,,
,,,,,,,
,,,,,,,
,,,,,,,
,,,,,,,
,,,,,,,
,,,,,,,
,,,,,,,
,,,,,,,
,,,,,,,
,,,,,,,
,,,,,,,
,,,,,,,
,,,,,,,
,,,,,,,
,,,,,,,
,,,,,,,
,,,,,,,
,,,,,,,
,,,,,,,
,,,,,,,
,,,,,,,
,,,,,,,
,,,,,,,
,,,,,,,
,,,,,,,
,,,,,,,
,,,,,,,
,,,,,,,
,,,,,,,
,,,,,,,
,,,,,,,
,,,,,,,
,,,,,,,
,,,,,,,
,,,,,,,
,,,,,,,
,,,,,,,
,,,,,,,
,,,,,,,
,,,,,,,
,,,,,,,
,,,,,,,
,,,,,,,
,,,,,,,
,,,,,,,
,,,,,,,
,,,,,,,
,,,,,,,
,,,,,,,
,,,,,,,
,,,,,,,
,,,,,,,
,,,,,,,
,,,,,,,
,,,,,,,
,,,,,,,
,,,,,,,
,,,,,,,
,,,,,,,
,,,,,,,
,,,,,,,
,,,,,,,
,,,,,,,
,,,,,,,
,,,,,,,
,,,,,,,
,,,,,,,
,,,,,,,
,,,,,,,
,,,,,,,
,,,,,,,
,,,,,,,
,,,,,,,
,,,,,,,
,,,,,,,
,,,,,,,
,,,,,,,
,,,,,,,
,,,,,,,
,,,,,,,
,,,,,,,
,,,,,,,
,,,,,,,
,,,,,,,
,,,,,,,
,,,,,,,
,,,,,,,
,,,,,,,
,,,,,,,
,,,,,,,
,,,,,,,
,,,,,,,
,,,,,,,
,,,,,,,
,,,,,,,
,,,,,,,
,,,,,,,
,,,,,,,
,,,,,,,
,,,,,,,
,,,,,,,
,,,,,,,
,,,,,,,
,,,,,,,
,,,,,,,
,,,,,,,
,,,,,,,
,,,,,,,
,,,,,,,
,,,,,,,
,,,,,,,
,,,,,,,
,,,,,,,
,,,,,,,
,,,,,,,
,,,,,,,
,,,,,,,
,,,,,,,
,,,,,,,
,,,,,,,
,,,,,,,
,,,,,,,
,,,,,,,
,,,,,,,
,,,,,,,
,,,,,,,
,,,,,,,
,,,,,,,
,,,,,,,
,,,,,,,
,,,,,,,
,,,,,,,
,,,,,,,
,,,,,,,
,,,,,,,
,,,,,,,
,,,,,,,
,,,,,,,
,,,,,,,
,,,,,,,
,,,,,,,
,,,,,,,
,,,,,,,
,,,,,,,
,,,,,,,
,,,,,,,
,,,,,,,
,,,,,,,
,,,,,,,
,,,,,,,
,,,,,,,
,,,,,,,
,,,,,,,
,,,,,,,
,,,,,,,
,,,,,,,
,,,,,,,
,,,,,,,
,,,,,,,
,,,,,,,
,,,,,,,
,,,,,,,
,,,,,,,
,,,,,,,
,,,,,,,
,,,,,,,
,,,,,,,
,,,,,,,
,,,,,,,
,,,,,,,
,,,,,,,
,,,,,,,
,,,,,,,
,,,,,,,
,,,,,,,
,,,,,,,
,,,,,,,
,,,,,,,
,,,,,,,
,,,,,,,
,,,,,,,
,,,,,,,
,,,,,,,
,,,,,,,
,,,,,,,
,,,,,,,
,,,,,,,
,,,,,,,
,,,,,,,
,,,,,,,
,,,,,,,
,,,,,,,
,,,,,,,
,,,,,,,
,,,,,,,
,,,,,,,
,,,,,,,
,,,,,,,
,,,,,,,
,,,,,,,
,,,,,,,
,,,,,,,
,,,,,,,
,,,,,,,
,,,,,,,
,,,,,,,
,,,,,,,
,,,,,,,
,,,,,,,
,,,,,,,
,,,,,,,
,,,,,,,
,,,,,,,
,,,,,,,
,,,,,,,
,,,,,,,
,,,,,,,
,,,,,,,
,,,,,,,
,,,,,,,
,,,,,,,
